dawn_disk_seed|two flat dark brown sunflower seeds with a split golden seam
hearth_pepper_seed|split dried red chili pod revealing ivory seeds
mist_cotton_seed|three black cotton seeds attached to a tiny white tuft
stone_fern_seed|curled green fern crozier cutting with brown root tip
mirror_lotus_seed|round green lotus seed head with three dark holes and a blue shoot
wish_puff_seed|two tiny ochre seeds with separate white parachute tufts
echo_bean_seed|three curved green-speckled beans with one open husk
ladder_vine_seed|forked woody vine cutting with two leaves and white rootlets
frost_chime_seed|tapered icy-blue bulb with purple base and short shoot
salt_ink_seed|charcoal-purple mushroom cap with white spores underneath
wind_sail_seed|two paired tan winged tree seeds in a V
sleep_clock_seed|tiny navy onion bulb with gold root ring
shadow_cut_seed|dark plum six-pointed papery seedpod, pink seeds inside a slit
paper_tree_seed|brown tree nut inside rolled pale bark
flight_pod_seed|jade seedpod with two flat ivory wings
honey_cluster_seed|three amber wax seeds in one open honeycomb cell
star_dew_seed|two midnight-blue teardrop seeds, each with a tiny silver star fleck
dance_bell_seed|two pink hooked bellflower seeds joined to a wiry stalk
star_rest_seed|pearly lavender root crown with three tiny violet buds
dawn_honey|squat amber glass honey jar, dark wood lid and a golden honey drop label
hearth_pepper_fruit|two long curved red chili peppers, green stems and one orange tip
mist_cotton_fiber|white fluffy cotton boll, dark brown calyx and turquoise wisps
stone_pattern_leaf|fan-shaped serrated green fern leaf with pale stone-grey angular veins
mirror_dew|round blue glass vial, silver rim and a reflective blue droplet inside
farlight_fruit|pale golden lantern-shaped fruit, papery ribs and a short green stem
echo_bean_pod|open curved green bean pod showing three pale round beans
vine_sinew|two twisted olive vine tendrils tied into a loose cord with one leaf
frost_dew|narrow dark-blue glass ampoule, icy liquid and a white crystal stopper
salt_ink|small black ceramic inkpot, violet salt crystals spilled at its base
sail_fiber|three long straw fibers bound into a frayed tassel with a blue thread
sleep_leaf|two asymmetric curled midnight-blue leaves with silver veins and a bronze stem
shadow_silk|folded violet silk ribbon, deep shadow fold and pink stitched edge
paper_bark|three layered off-white peeling bark strips with rough dark-brown backing
rainproof_pod|split jade winged seed husk with pale inner lining
honey_powder|torn brown paper sachet spilling coarse golden pollen powder
star_dew_fruit|cluster of three indigo berries, white cross-shaped shine and a leafy stem
dance_petal|three curved rose-magenta petals, one ribbon twist and dark wine edges
star_rest_dew|tiny violet droplet bottle, silver crescent stopper and lavender fluid
hearth_oil|tall brown oil bottle, copper cap, orange fluid and a red chili label
morning_honey_breakfast|wooden plate of golden toast, fried egg and honey drizzle
hearth_pepper_soup|deep dark ceramic bowl of red-orange soup, chili rings and green leaves
frost_pepper_meal|white plate with seared meat, red chili strips and pale blue herb garnish
mist_cloth|folded cream and pale-blue woven cloth with stitched border
folded_mist_tent|rolled grey-blue tent canvas strapped with two brown leather belts
folded_descent_cloth|fan-folded ivory parachute cloth, green cords and a metal ring
mirror_lotus_drink|flared pale-blue cup with blue-green drink and pink lotus petal garnish
sleep_clock_tea|dark-blue teacup on a saucer, golden handle and curled herb leaf
star_dew_drink|slim deep-purple corked beverage bottle with a silver star label
star_rest_drink|short lavender flask with silver neck and crescent label
honey_cluster_cake|square golden honey cake slice, honeycomb crust and cream layer
survey_route_page|cream parchment map partly rolled, green route dots and red wax seal
stone_rubbing_page|grey stone rubbing sheet, jagged black rune imprint and charcoal stick
shadow_pattern_card|three plum-colored cards fanned out, each with a different pale glyph
flower_gift|small bouquet of pink and blue flowers tied with golden twine
field_envelope|cream folded envelope with a green leaf wax seal
condensing_shell|copper spiral condenser around a blue ceramic bowl, three pipe loops
energy_saving_crystal|tall emerald crystal in a small bronze fork-shaped holder
companion_bell_chip|tiny golden bell clapper on a dark leather tab with blue bead
dawn_direction_page|rolled parchment compass drawing with red needle and golden sun corner
plant_sample_clip|steel botanical pruning shears, brown wood handles holding one leaf
rain_watering_flask|blue-green ceramic watering flask, side handle and long curved spout
pollination_brush|thin wooden brush, copper ferrule and fluffy golden pollen bristles
field_tuning_bell|bronze handbell on a short dark wood handle with a blue gemstone
rainproof_seed_box|rectangular teal seed box, brass hinges and a seed emblem
survey_archive_folder|thick brown leather folder, parchment pages protruding and a metal clasp
climbing_rope|loosely coiled tan rope with a steel carabiner and hanging free end
stonebarrow_meat|thick dark red steak, white marbling and a square bone at one end
stone_bone|short rugged ivory knucklebone with dark grey stone ridges
emberback_meat|two red-orange bacon strips with dark crust and pale fat bands
warm_fat|cream animal fat lump wrapped in brown butcher paper
tideback_meat|pale pink fillet, dark blue skin on one side and diagonal cut lines
water_membrane|folded translucent turquoise fin membrane with dark branching veins
froststride_meat|raw poultry leg, red meat, exposed ivory bone and pale blue skin strip
frost_bone|long icy-blue forked bone, white joints and a frost crystal tip
froststride_egg|off-white egg with navy speckles and a pale blue lower rim
apiary_meat|two golden frog hind legs with short bones and red cut ends
sweet_fat|golden soft fat slab with a honey sheen resting on a small dark leaf
honeydew|round golden flask, honey-yellow liquid and a bee wing label
starfelt_meat|small purple-red rabbit meat cut with two distinct ivory rib bones
soft_down|purple and cream down feather tuft with three airy fronds
lantern_antler|branched brown antler with three warm yellow glowing tips
shell_glue|broken green snail shell cup with sticky resin dripping from its lip
flight_feather|long ivory feather, dark teal vane tips and golden shaft
watch_wing|wide tapered green mantis wing with dark branching veins
mirror_scale|three overlapping silver-blue scales with scalloped edges
warm_breath|round amber breath jar, dark metal lid and orange swirling vapor
spring_concentrate|slender pale-green vial, leafy stopper and teal liquid
loam_pebble|three earthy brown soil pebbles with a tiny green shoot between them
air_plume|fan of three ivory feathers with sky-blue tips tied with red thread
storm_crystal|jagged cobalt crystal with yellow lightning fissures and dark base
runner_hide|rugged flat brown leather hide, four irregular corners and dark patches
horn_powder|ivory horn fragment beside a mound of chalky powder in folded paper
forage_paper_hide|thin tan hide sheet, rolled corner, fur fringe and dark writing marks
nest_glue|small reed basket of sticky amber resin with loose twigs
hoof_glue|short black tin of dark teal resin with its lid leaning beside it
lamp_wax|two pale-yellow wax cylinders, one melted edge and a short dark wick
stonebarrow_hotpot|black iron handled hotpot, red stew, mushrooms and meat chunks
emberback_stew|rustic reddish ceramic bowl, orange stew and a visible red pepper
tideback_chowder|pale-blue bowl of cream chowder with fish and fresh green herbs
frostwarm_skewer|diagonal wooden skewer alternating red meat and blue-white herb cubes
honeydew_casserole|rectangular brown baking dish, golden gratin crust and green leaves
starfelt_travel_roll|cut flatbread wrap, purple meat, green leaves and paper band
soft_lantern|wood-framed yellow lantern, blue cloth hood and hanging ring
waterproof_seed_wrap|turquoise waxed cloth packet tied crosswise with brown twine
quiet_felt|thick plum-grey rolled felt blanket with fluffy edge and a leather strap
calming_bell|tiny golden collar bell, dark green ribbon and an ivory clapper
warning_lens|red-orange round lens in a rugged brass frame with triangular rim
focus_lens|cool blue convex lens, thin silver oval frame and short grip
wind_bottle|tall asymmetrical blue glass bottle, copper neck and a white spiral inside
warm_feed|golden hay bundle tied with red cord, three orange pepper pieces tucked inside
climbing_cord|green braided cord around a small steel hook, visibly different from tan rope
beast_saddle|rich brown saddle with raised leather seat, copper buckle and stirrups
empty_breath_jar|empty clear squat jar, grey-blue metal lid and visibly transparent center
pasture_scraper|broad curved steel scraper, wooden handle and a pale blue sharpened edge
pasture_book|dark green leather book, gold corner guards and a hoof emblem
pasture_staff|crooked wood shepherd staff, leaf carving and a bronze hanging charm
pasture_cage|square iron wire cage with an arched wood handle, empty interior
fertile_pasture_egg|cream egg in a little straw nest, small amber rune on the shell
homeward_flower_seed|burgundy bulb with a cream shoot and thin white roots
homeward_flower_petal|two pale teal petals with red-brown tips and a dark stalk
warning_moss_spore|moss-green spore pouch with three golden dust flecks spilling out
warning_moss_flake|branching flat green moss mat, amber dots and jagged outline
road_bell_seed|three tiny tan grain seeds attached to a short dry straw stalk
road_bell_ear|golden grain ear with small bronze bell-shaped kernels
road_bell_travel_bread|cut brown bread loaf with golden crust in a paper wrapper
road_bell_wild_sample|bound golden grass specimen on a tan sample card
night_gourd_seed|two dark purple gourd seeds with sharp pale seams
night_gourd|midnight-purple pumpkin, golden speckles and curled green stem
night_gourd_wild_sample|tiny violet pumpkin with one leaf on a paper specimen tag
tide_reed_seed|brown reed rhizome with two cream roots and a fresh green shoot
tide_reed_stem|diagonal bundle of three green hollow reeds tied with tan string
tide_reed_wild_sample|blue-green reed tuft and dark roots mounted on parchment
hushcap_spore|two tiny brown mushroom caps with green spores underneath
hushcap_slice|three cream mushroom slices, brown edge and visible dark gills
hushcap_broth|wooden broth bowl, two sliced mushrooms and green herb garnish
rainletter_seed|red-brown vine cutting with a teal leaf and pink bud nodes
rainletter_berry|dangling crimson berry bunch with two deep green leaves
rainletter_cordial|ruby-red corked cordial bottle, golden label and dark neck
mana_root_seed|crooked tan root cutting with one pale green glowing shoot
mana_root_core|branching brown root with exposed green crystal center and white rootlets
verdant_vein_seed|split dark green seed with luminous mint vein and moss fringe
verdant_branch|forked green branch, dark bark and bright green sap drops
mana_copper_coil|tightly wound orange copper spool, hollow center and two loose wire ends
insulating_forge_clay|cracked grey-beige clay lump with white mica flecks on a dark paper backing
forge_guide|open cream-paged workshop book, dark furnace sketch and golden corner straps
bellwool_fodder|thick golden grain and green grass feed bundle, tied in the middle with brown rope and tiny brass bells
sky_vine_seed|large tan seed with a winged green shoot, forked cream roots and a pale green stripe
